id,profile_picture
751134230,https://picsum.photos/500/500/?image=996
852300663,https://picsum.photos/500/500/?image=997
981391217,https://picsum.photos/500/500/?image=998
611772550,https://picsum.photos/500/500/?image=999
438286631,https://picsum.photos/500/500/?image=1000
844180144,https://picsum.photos/500/500/?image=1001
846762946,https://picsum.photos/500/500/?image=1002
218417437,https://picsum.photos/500/500/?image=1003
899034015,https://picsum.photos/500/500/?image=1004
969866614,https://picsum.photos/500/500/?image=1005
568203060,https://picsum.photos/500/500/?image=1006
469551493,https://picsum.photos/500/500/?image=1007
273735195,https://picsum.photos/500/500/?image=1008
778342631,https://picsum.photos/500/500/?image=1009
798644481,https://picsum.photos/500/500/?image=1010
297382089,https://picsum.photos/500/500/?image=1011
986359621,https://picsum.photos/500/500/?image=1012
467501392,https://picsum.photos/500/500/?image=1013
227075876,https://picsum.photos/500/500/?image=1014
536864934,https://picsum.photos/500/500/?image=1015
127524225,https://picsum.photos/500/500/?image=1016
989615817,https://picsum.photos/500/500/?image=1017
293696667,https://picsum.photos/500/500/?image=1018
219643053,https://picsum.photos/500/500/?image=1019
740528744,https://picsum.photos/500/500/?image=1020
760517762,https://picsum.photos/500/500/?image=1021
317397878,https://picsum.photos/500/500/?image=1022
861752419,https://picsum.photos/500/500/?image=1023
129247518,https://picsum.photos/500/500/?image=1024
203344765,https://picsum.photos/500/500/?image=1025
968907975,https://picsum.photos/500/500/?image=1026
813356869,https://picsum.photos/500/500/?image=1027
438699366,https://picsum.photos/500/500/?image=1028
178646277,https://picsum.photos/500/500/?image=1029
545636928,https://picsum.photos/500/500/?image=1030
482103251,https://picsum.photos/500/500/?image=1031
774391673,https://picsum.photos/500/500/?image=1032
619326233,https://picsum.photos/500/500/?image=1033
106358778,https://picsum.photos/500/500/?image=1034
451839640,https://picsum.photos/500/500/?image=1035
747696981,https://picsum.photos/500/500/?image=1036
605792910,https://picsum.photos/500/500/?image=1037
933867293,https://picsum.photos/500/500/?image=1038
105426021,https://picsum.photos/500/500/?image=1039
153459854,https://picsum.photos/500/500/?image=1040
972168452,https://picsum.photos/500/500/?image=1041
313899291,https://picsum.photos/500/500/?image=1042
498723101,https://picsum.photos/500/500/?image=1043
447867898,https://picsum.photos/500/500/?image=1044
426040975,https://picsum.photos/500/500/?image=1045