id,Nombre,Apellido,Identificacion,email,Tipo de identificacion,creado,modificado
751134230,Shakira Natalia,Mebarak Gaviria,751134230,snmebarakg@unal.edu.co,Cedula,2018-04-07 06:30:20,2018-04-07 06:30:20
852300663,Astrid Leidy,Rios Maradona,852300663,alriosm@unal.edu.co,Cedula,2018-04-07 06:30:20,2018-04-07 06:30:20
981391217,Stefanny Stefanny,Carson Cepeda,981391217,sscarsonc@unal.edu.co,Tarjeta de identidad,2018-04-07 06:30:20,2018-04-07 06:30:20
611772550,Emilia Laura,Garrido Cepeda,611772550,elgarridoc@unal.edu.co,Tarjeta de identidad,2018-04-07 06:30:20,2018-04-07 06:30:20
438286631,Yolanda Shakira,Cepeda Beltran,438286631,yscepedab@unal.edu.co,Tarjeta de identidad,2018-04-07 06:30:20,2018-04-07 06:30:20
844180144,Natalia Shakira,Ramirez Garcia,844180144,nsramirezg@unal.edu.co,Cedula,2018-04-07 06:30:20,2018-04-07 06:30:20
846762946,Astrid Adriana,Cepeda Rios,846762946,aacepedar@unal.edu.co,Cedula,2018-04-07 06:30:20,2018-04-07 06:30:20
218417437,Diego Alberto,Martinez Vargas,218417437,damartinezv@unal.edu.co,Cedula,2018-04-07 06:30:20,2018-04-07 06:30:20
899034015,Karla Jennifer,Garcia Toretto,899034015,kjgarciat@unal.edu.co,Tarjeta de identidad,2018-04-07 06:30:20,2018-04-07 06:30:20
969866614,Laura Karla,Char Rodriguez,969866614,lkcharr@unal.edu.co,Tarjeta de identidad,2018-04-07 06:30:20,2018-04-07 06:30:20
568203060,Daniel Diego,Vargas Maradona,568203060,ddvargasm@unal.edu.co,Tarjeta de identidad,2018-04-07 06:30:20,2018-04-07 06:30:20
469551493,Teofilo Fabian,Gonzalez Suarez,469551493,tfgonzalezs@unal.edu.co,Tarjeta de identidad,2018-04-07 06:30:20,2018-04-07 06:30:20
273735195,Astrid Emilia,Montaño Tellez,273735195,aemontañot@unal.edu.co,Tarjeta de identidad,2018-04-07 06:30:20,2018-04-07 06:30:20
778342631,Javier Diego,Sanchez Llosa,778342631,jdsanchezl@unal.edu.co,Tarjeta de identidad,2018-04-07 06:30:20,2018-04-07 06:30:20
798644481,Carolina Carolina,Llosa Martinez,798644481,ccllosam@unal.edu.co,Cedula,2018-04-07 06:30:20,2018-04-07 06:30:20
297382089,Sophia Shellen,Martinez Guarnizo,297382089,ssmartinezg@unal.edu.co,Cedula,2018-04-07 06:30:20,2018-04-07 06:30:20
986359621,Gustavo Diego,Garcia Toretto,986359621,gdgarciat@unal.edu.co,Tarjeta de identidad,2018-04-07 06:30:20,2018-04-07 06:30:20
467501392,Stefanny Laura,Franco Hilton,467501392,slfrancoh@unal.edu.co,Tarjeta de identidad,2018-04-07 06:30:20,2018-04-07 06:30:20
227075876,Adriana Carolina,Marquez Carson,227075876,acmarquezc@unal.edu.co,Tarjeta de identidad,2018-04-07 06:30:20,2018-04-07 06:30:20
536864934,Miguel Diego,Ramirez Vergara,536864934,mdramirezv@unal.edu.co,Cedula,2018-04-07 06:30:20,2018-04-07 06:30:20
127524225,Karla Shirley,Tellez Vega,127524225,kstellezv@unal.edu.co,Cedula,2018-04-07 06:30:20,2018-04-07 06:30:20
989615817,William Javier,Garcia Rios,989615817,wjgarciar@unal.edu.co,Tarjeta de identidad,2018-04-07 06:30:20,2018-04-07 06:30:20
293696667,Laura Laura,Martinez Quevedo,293696667,llmartinezq@unal.edu.co,Tarjeta de identidad,2018-04-07 06:30:20,2018-04-07 06:30:20
219643053,Stefanny Emilia,Montaño Contreras,219643053,semontañoc@unal.edu.co,Tarjeta de identidad,2018-04-07 06:30:20,2018-04-07 06:30:20
740528744,Guillermo Jorge,Cifuentes Vega,740528744,gjcifuentesv@unal.edu.co,Cedula,2018-04-07 06:30:20,2018-04-07 06:30:20
760517762,Adriana Shellen,Rios Cifuentes,760517762,asriosc@unal.edu.co,Tarjeta de identidad,2018-04-07 06:30:20,2018-04-07 06:30:20
317397878,Leidy Natalia,Char Llosa,317397878,lncharl@unal.edu.co,Tarjeta de identidad,2018-04-07 06:30:20,2018-04-07 06:30:20
861752419,Carolina Leidy,Onofre Vargas,861752419,clonofrev@unal.edu.co,Cedula,2018-04-07 06:30:20,2018-04-07 06:30:20
129247518,Catalina Isabella,Peña Quevedo,129247518,cipeñaq@unal.edu.co,Tarjeta de identidad,2018-04-07 06:30:20,2018-04-07 06:30:20
203344765,Javier Alberto,Martinez Garcia,203344765,jamartinezg@unal.edu.co,Tarjeta de identidad,2018-04-07 06:30:20,2018-04-07 06:30:20
968907975,Alexander Gustavo,Garcia Sierra,968907975,aggarcias@unal.edu.co,Cedula,2018-04-07 06:30:20,2018-04-07 06:30:20
813356869,Laura Yolanda,Rojas Toretto,813356869,lyrojast@unal.edu.co,Tarjeta de identidad,2018-04-07 06:30:20,2018-04-07 06:30:20
438699366,Isabella Shakira,Rojas Rodriguez,438699366,isrojasr@unal.edu.co,Cedula,2018-04-07 06:30:20,2018-04-07 06:30:20
178646277,Fabian Jorge,Onofre Sierra,178646277,fjonofres@unal.edu.co,Tarjeta de identidad,2018-04-07 06:30:20,2018-04-07 06:30:20
545636928,Natalia Marian,Viscaino Rios,545636928,nmviscainor@unal.edu.co,Tarjeta de identidad,2018-04-07 06:30:20,2018-04-07 06:30:20
482103251,Isabella Yolanda,Caceres Quevedo,482103251,iycaceresq@unal.edu.co,Cedula,2018-04-07 06:30:20,2018-04-07 06:30:20
774391673,Antonio Alejandro,Vega Guarnizo,774391673,aavegag@unal.edu.co,Cedula,2018-04-07 06:30:20,2018-04-07 06:30:20
619326233,Teofilo Daniel,Ramirez Carson,619326233,tdramirezc@unal.edu.co,Tarjeta de identidad,2018-04-07 06:30:20,2018-04-07 06:30:20
106358778,Teofilo Alexander,Rodriguez Garcia,106358778,tarodriguezg@unal.edu.co,Cedula,2018-04-07 06:30:20,2018-04-07 06:30:20
451839640,Shirley Jennifer,Quevedo Rios,451839640,sjquevedor@unal.edu.co,Cedula,2018-04-07 06:30:20,2018-04-07 06:30:20
747696981,Diego Javier,Onofre Hilton,747696981,djonofreh@unal.edu.co,Tarjeta de identidad,2018-04-07 06:30:20,2018-04-07 06:30:20
605792910,Karla Karla,Garcia Cruzate,605792910,kkgarciac@unal.edu.co,Cedula,2018-04-07 06:30:20,2018-04-07 06:30:20
933867293,Adriana Leidy,Marquez Hilton,933867293,almarquezh@unal.edu.co,Tarjeta de identidad,2018-04-07 06:30:20,2018-04-07 06:30:20
105426021,Natalia Shirley,Garcia Sanchez,105426021,nsgarcias@unal.edu.co,Cedula,2018-04-07 06:30:20,2018-04-07 06:30:20
153459854,Antonio Juan,Martinez Beltran,153459854,ajmartinezb@unal.edu.co,Tarjeta de identidad,2018-04-07 06:30:20,2018-04-07 06:30:20
972168452,Yolanda Natalia,Marquez Onofre,972168452,ynmarquezo@unal.edu.co,Cedula,2018-04-07 06:30:20,2018-04-07 06:30:20
313899291,Hermione Shakira,Llosa Garcia,313899291,hsllosag@unal.edu.co,Tarjeta de identidad,2018-04-07 06:30:20,2018-04-07 06:30:20
498723101,Stefanny Lina,Carson Vega,498723101,slcarsonv@unal.edu.co,Tarjeta de identidad,2018-04-07 06:30:20,2018-04-07 06:30:20
447867898,Teofilo Nicolas,Gonzalez Suarez,447867898,tngonzalezs@unal.edu.co,Cedula,2018-04-07 06:30:20,2018-04-07 06:30:20
426040975,Daniel Martin,Mercury Contreras,426040975,dmmercuryc@unal.edu.co,Tarjeta de identidad,2018-04-07 06:30:20,2018-04-07 06:30:20
